{"cameraMode":{"drawMode":0,"name":"Shaded","section":"Shading Mode"},"sceneLighting":true,"audioPlay":false,"sceneViewState":{"showFog":true,"showMaterialUpdate":false,"showSkybox":true,"showFlares":true,"showImageEffects":true,"showParticleSystems":true},"in2DMode":false,"pivot":{"x":425.2930603027344,"y":195.27828979492188,"z":-139.03933715820313},"rotation":{"x":-0.030126724392175676,"y":-0.877644419670105,"z":0.055634573101997378,"w":-0.4751442074775696},"size":9.649689674377442,"orthographic":false}