{"cameraMode":{"drawMode":0,"name":"Shaded","section":"Shading Mode"},"sceneLighting":true,"audioPlay":false,"sceneViewState":{"showFog":true,"showMaterialUpdate":false,"showSkybox":true,"showFlares":true,"showImageEffects":true,"showParticleSystems":true},"in2DMode":false,"pivot":{"x":-202.9299774169922,"y":522.3108520507813,"z":627.86767578125},"rotation":{"x":-0.14722135663032533,"y":-0.6933903098106384,"z":0.148014634847641,"w":-0.6896680593490601},"size":203.74337768554688,"orthographic":false}