{"cameraMode":{"drawMode":0,"name":"Shaded","section":"Shading Mode"},"sceneLighting":false,"audioPlay":false,"sceneViewState":{"showFog":true,"showMaterialUpdate":false,"showSkybox":false,"showFlares":true,"showImageEffects":true,"showParticleSystems":true},"in2DMode":false,"pivot":{"x":-0.0008883476257324219,"y":0.07636404037475586,"z":-1.459721565246582},"rotation":{"x":-0.001081134658306837,"y":0.6931842565536499,"z":0.0010397809091955424,"w":0.7207594513893127},"size":5.717650413513184,"orthographic":true}